First Name,Last Name,Company,City,Country,Phone,Email
Sheryl,Baxter,Rasmussen Group,East Leonard,Chile,229.077.5154,zunigavanessa@smith.info
Preston,Lozano,Vega-Gentry,East Jimmychester,Djibouti,5153435776,vmata@colon.com
Roy,Berry,Murillo-Perry,Isabelborough,Antigua and Barbuda,-1199,beckycarr@hogan.com
Linda,Olsen,"Dominguez, Mcmillan and Donovan",Bensonview,Dominican Republic,001-808-617-6467x12895,stanleyblackwell@benson.org
Joanna,Bender,"Martin, Lang and Andrade",West Priscilla,Slovakia (Slovak Republic),001-234-203-0635x76146,colinalvarado@miles.net
Aimee,Downs,Steele Group,Chavezborough,Bosnia and Herzegovina,(283)437-3886x88321,louis27@gilbert.com
Darren,Peck,"Lester, Woodard and Mitchell",Lake Ana,Pitcairn Islands,(496)452-6181x3291,tgates@cantrell.com
Brett,Mullen,"Sanford, Davenport and Giles",Kimport,Bulgaria,001-583-352-7197x297,asnow@colon.com
Sheryl,Meyers,Browning-Simon,Robersonstad,Cyprus,854-138-4911x5772,mariokhan@ryan-pope.org
Michelle,Gallagher,Beck-Hendrix,Elaineberg,Timor-Leste,739.218.2516x459,mdyer@escobar.net
Carl,Schroeder,"Oconnell, Meza and Everett",Shannonville,Guernsey,637-854-0256x825,kirksalas@webb.com
Jenna,Dodson,"Hoffman, Reed and Mcclain",East Andrea,Vietnam,(041)737-3846,mark42@robbins.com
Tracey,Mata,Graham-Francis,South Joannamouth,Togo,001-949-844-8787,alex56@walls.org
Kristine,Cox,Carpenter-Cook,Jodyberg,Sri Lanka,786-284-3358x62152,holdenmiranda@clarke.com
Faith,Lutz,Carter-Hancock,Burchbury,Singapore,(781)861-7180x8306,cassieparrish@blevins-chapman.net
Miranda,Beasley,Singleton and Sons,Desireeshire,Oman,540.085.3135x185,vduncan@parks-hardy.com
Caroline,Foley,Winters-Mendoza,West Adriennestad,Western Sahara,936.222.4746x9924,holtgwendolyn@watson-davenport.com
Greg,Mata,Valentine LLC,Lake Leslie,Mozambique,(701)087-2415,jaredjuarez@carroll.org
Clifford,Jacobson,Simon LLC,Harmonview,South Georgia and the South Sandwich Islands,001-151-330-3524x0469,joseph26@jacobson.com
Joanna,Kirk,Mays-Mccormick,Jamesshire,French Polynesia,(266)131-7001x711,tuckerangie@salazar.net
Maxwell,Frye,Patterson Inc,East Carly,Malta,423.262.3059,fgibson@drake-webb.com
Kiara,Houston,"Manning, Hester and Arroyo",South Alvin,Netherlands,001-274-040-3582x10611,blanchardbob@wallace-shannon.com
Colleen,Howard,Greer and Sons,Brittanyview,Paraguay,1935085151,rsingleton@ryan-cherry.com
Janet,Valenzuela,Watts-Donaldson,Veronicamouth,Lao People's Democratic Republic,354.259.5062x7538,stefanie71@spence.com
Shane,Wilcox,Tucker LLC,Bryanville,Albania,(429)005-9030x11004,mariah88@santos.com
Marcus,Moody,Giles Ltd,Kaitlyntown,Panama,674-677-8623,donnamullins@norris-barrett.org
Dakota,Poole,Simmons Group,Michealshire,Belarus,(371)987-8576x4720,stacey67@fields.org
Frederick,Harper,"Hinton, Chaney and Stokes",South Marissatown,Switzerland,+1-077-121-1558x0687,jacobkhan@bright.biz
Stefanie,Fitzpatrick,Santana-Duran,Acevedoville,Saint Vincent and the Grenadines,(752)776-3286,wterrell@clark.com
Kent,Bradshaw,Sawyer PLC,North Harold,Tanzania,+1-472-143-5037x884,qjimenez@boyd.com
Jack,Tate,"Acosta, Petersen and Morrow",West Samuel,Zimbabwe,965-108-4406x20714,gfigueroa@boone-zavala.com
Tom,Trujillo,Mcgee Group,Cunninghamborough,Denmark,416-338-3758,tapiagreg@beard.info
Gabriel,Mejia,Adkins-Salinas,Port Annatown,Liechtenstein,4077245425,coleolson@jennings.net
Kaitlyn,Santana,Herrera Group,New Kaitlyn,United States of America,6303643286,georgeross@miles.org
Faith,Moon,"Waters, Chase and Aguilar",West Marthaburgh,Bahamas,+1-586-217-0359x6317,willistonya@randolph-baker.com
Tammie,Haley,"Palmer, Barnes and Houston",East Teresa,Belize,001-276-734-4113x6087,harrisisaiah@jenkins.com
Nicholas,Sosa,Jordan Ltd,South Hunter,Uruguay,(661)425-6042,fwolfe@dorsey.com
Jordan,Gay,Glover and Sons,South Walter,Solomon Islands,7208417020,tiffanydavies@harris-mcfarland.org
Bruce,Esparza,Huerta-Mclean,Poolefurt,Montenegro,559-529-4424,preese@frye-vega.com
Sherry,Garza,Anderson Ltd,West John,Poland,001-067-713-6440x158,ann48@miller.com
Natalie,Gentry,Monroe PLC,West Darius,Dominican Republic,830.996.8238,tcummings@fitzpatrick-ashley.com
Bryan,Dunn,Kaufman and Sons,North Jimstad,Burkina Faso,001-710-802-5565,woodwardandres@phelps.com
Wayne,Simpson,Perkins-Trevino,East Rebekahborough,Bolivia,(344)156-8632x1869,barbarapittman@holder.com
Luis,Greer,Cross PLC,North Drew,Bulgaria,001-336-025-6849x701,bstuart@williamson-mcclure.com
Rhonda,Frost,"Herrera, Shepherd and Underwood",Lake Lindaburgh,Monaco,(127)081-9339,zkrueger@wolf-chavez.net
Joanne,Montes,"Price, Sexton and Mcdaniel",Gwendolynview,Palau,(897)726-7952,juan80@henson.net
Geoffrey,Guzman,Short-Wiggins,Zimmermanland,Uzbekistan,975.235.8921x269,bauercrystal@gay.com
Gloria,Mccall,"Brennan, Acosta and Ramos",North Kerriton,Ghana,445-603-6729,bartlettjenna@zuniga-moss.biz
Brady,Cohen,Osborne-Erickson,North Eileenville,United Arab Emirates,741.849.0139x524,mccalltyrone@durham-rose.biz
Latoya,Mccann,"Hobbs, Garrett and Sanford",Port Sergiofort,Belarus,(530)287-4548x29481,bobhammond@barry.biz
Gerald,Hawkins,"Phelps, Forbes and Koch",New Alberttown,Canada,+1-323-239-1456x96168,uwarner@steele-arias.com
Samuel,Crawford,"May, Goodwin and Martin",South Jasmine,Algeria,802-242-7457,xpittman@ritter-carney.net
Patricia,Goodwin,"Christian, Winters and Ellis",Cowanfort,Swaziland,322.549.7139x70040,vaughanchristy@lara.biz
Stacie,Richard,Byrd Inc,New Deborah,Madagascar,001-622-948-3641x24810,clinton85@colon-arias.org
Robin,West,"Nixon, Blackwell and Sosa",Wallstown,Ecuador,698.303.4267,greenemiranda@zimmerman.com
Ralph,Haas,Montes PLC,Lake Ellenchester,Palestinian Territory,2239271999,goodmancesar@figueroa.biz
Phyllis,Maldonado,Costa PLC,Lake Whitney,Saint Barthelemy,4500370767,yhanson@warner-diaz.org
Danny,Parrish,Novak LLC,East Jaredbury,United Arab Emirates,(669)384-8597x8794,howelldarren@house-cohen.com
Kathy,Hill,"Moore, Mccoy and Glass",Selenabury,South Georgia and the South Sandwich Islands,001-171-716-2175x310,ncamacho@boone-simmons.org
Kelli,Hardy,Petty Ltd,Huangfort,Sao Tome and Principe,020.324.2191x2022,kristopher62@oliver.com
Lynn,Pham,"Brennan, Camacho and Tapia",East Pennyshire,Portugal,846.468.6834x611,mpham@rios-guzman.com
Shelley,Harris,"Prince, Malone and Pugh",Port Jasminborough,Togo,423.098.0315x8373,zachary96@mitchell-bryant.org
Eddie,Jimenez,Caldwell Group,West Kristine,Ethiopia,+1-235-657-1073x6306,kristiwhitney@bernard.com
Chloe,Hutchinson,Simon LLC,South Julia,Netherlands,981-544-9452,leah85@sutton-terrell.com
Eileen,Lynch,"Knight, Abbott and Hubbard",Helenborough,Liberia,+1-158-951-4131x53578,levigiles@vincent.com
Fernando,Lambert,Church-Banks,Lake Nancy,Lithuania,497.829.9038,fisherlinda@schaefer.net
Makayla,Cannon,Henderson Inc,Georgeport,New Caledonia,001-215-801-6392x46009,scottcurtis@hurley.biz
Tom,Alvarado,Donaldson-Dougherty,South Sophiaberg,Kiribati,(585)606-2980x2258,nicholsonnina@montgomery.info
Virginia,Dudley,Warren Ltd,Hartbury,French Southern Territories,027.846.3705x14184,zvalencia@phelps.com
Riley,Good,Wade PLC,Erikaville,Canada,6977745822,alex06@galloway.com
Alexandria,Buck,Keller-Coffey,Nicolasfort,Iran,078-900-4760x76668,lee48@manning.com
Richard,Roth,Conway-Mcbride,New Jasmineshire,Morocco,581-440-6539,aharper@maddox-townsend.org
Candice,Keller,Huynh and Sons,East Summerstad,Zimbabwe,001-927-965-8550x92406,buckleycory@odonnell.net
Anita,Benson,Parrish Ltd,Skinnerport,Russian Federation,874.617.5668x69878,angie04@oconnell.com
Regina,Stein,Guzman-Brown,Raystad,Solomon Islands,001-469-848-0724x4407,zrosario@rojas-hardin.net
Debra,Riddle,"Chang, Aguirre and Leblanc",Colinhaven,United States Virgin Islands,+1-768-182-6014x14336,shieldskerry@robles.com
Brittany,Zuniga,Mason-Hester,West Reginald,Kyrgyz Republic,(050)136-9025,mchandler@cochran-huerta.org
Cassidy,Mcmahon,"Mcguire, Huynh and Hopkins",Lake Sherryborough,Myanmar,5040771311,katrinalane@fitzgerald.com
Laurie,Pennington,"Sanchez, Marsh and Hale",Port Katherineville,Dominica,007.155.3406x553,cookejill@powell.com
Alejandro,Blair,"Combs, Waller and Durham",Thomasland,Iceland,(690)068-4641x51468,elizabethbarr@ewing.com
Leslie,Jennings,Blankenship-Arias,Coreybury,Micronesia,629.198.6346,corey75@wiggins.com
Kathleen,Mckay,"Coffey, Lamb and Johnson",Lake Janiceton,Saint Vincent and the Grenadines,(733)910-9968,chloelester@higgins-wilkinson.com
Hunter,Moreno,Fitzpatrick-Lawrence,East Clinton,Isle of Man,(733)833-6754,isaac26@benton-finley.com
Chad,Davidson,Garcia-Jimenez,South Joshuashire,Oman,8275702958,justinwalters@jimenez.com
Corey,Holt,"Mcdonald, Bird and Ramirez",New Glenda,Fiji,001-439-242-4986x7918,maurice46@morgan.com
Emma,Cunningham,Stephens Inc,North Jillianview,New Zealand,128-059-0206x60217,walter83@juarez.org
Duane,Woods,Montoya-Miller,Lyonsberg,Maldives,(636)544-7783x7288,kmercer@wagner.com
Alison,Vargas,"Vaughn, Watts and Leach",East Cristinabury,Benin,365-273-8144,vcantu@norton.com
Vernon,Kane,Carter-Strickland,Thomasfurt,Yemen,114-854-1159x555,hilljesse@barrett.info
Lori,Flowers,Decker-Mcknight,North Joeburgh,Namibia,679.415.1210,tyrone77@valenzuela.info
Nina,Chavez,Byrd-Campbell,Cassidychester,Bhutan,053-344-3205,elliserica@frank.com
Shane,Foley,Rocha-Hart,South Dannymouth,Hungary,-1692,nsteele@sparks.com
Collin,Ayers,Lamb-Peterson,South Lonnie,Anguilla,404-645-5351x012,dudleyemily@gonzales.biz
Sherry,Young,"Lee, Lucero and Johnson",Frankchester,Solomon Islands,158-687-1764,alan79@gates-mclaughlin.com
Darrell,Douglas,"Newton, Petersen and Mathis",Daisyborough,Mali,001-084-845-9524x1777,grayjean@lowery-good.com
Karl,Greer,Carey LLC,East Richard,Guyana,(188)169-1674x58692,hhart@jensen.com
Lynn,Atkinson,"Ware, Burns and Oneal",New Bradview,Sri Lanka,-3769,vkemp@ferrell.com
Fred,Guerra,Schmitt-Jones,Ortegaland,Solomon Islands,+1-753-067-8419x7170,swagner@kane.org
Yvonne,Farmer,Fitzgerald-Harrell,Lake Elijahview,Aruba,(530)311-9786,mccarthystephen@horn-green.biz
Clarence,Haynes,"Le, Nash and Cross",Judymouth,Honduras,(753)813-6941,colleen91@faulkner.biz
